Audios/all_raw/-_P_cD0yimw_JO1ÔΩú'Born To Be Wild' Official MV.wav,-1:99
Audios/all_raw/audaUMOnGxA_Thar Te Baraat (Full Video) _ Dilpreet Dhillon _ Latest Punjabi Song 2017 _ Speed Records.wav,-1:99
Audios/all_raw/BXTpedYsjyI_MC G15 e MC Bruninho - A Dist√¢ncia ta Maltratando (GR6 Filmes) DJ DG e Batid√£o Stronda.wav,-1:99
Audios/all_raw/dCish9XM5bE_iskander- De cuando en cuando (Official Lyric Video) Previo 'De Amor y Ra√≠ces'.wav,-1:99
"Audios/all_raw/fOYuWVIXgiM_Nai Jaana Video _ Tulsi Kumar, Sachet Tandon, Tanishk Bagchi _ Nirmaan  _ Awez D,Musskan S,Anmol.wav",-1:99
Audios/all_raw/HN65BuYwGMA_Jahmiel - 357 (Official Audio).wav,-1:99
Audios/all_raw/ht7xflC4APQ_LIL X - Think  ( prod.pluto ).wav,-1:99
Audios/all_raw/LGX21vCbzdM_Solo Lucci 'RIP 2Pac' (WSHH Exclusive - Official Music Video).wav,-1:99
Audios/all_raw/ngJ71Np-qFY_Orli - Internet Explorer (Prod. Amaro JNT).wav,-1:99
Audios/all_raw/o683V8-TAPQ_Opozit - X-oyu-L (Official VIDEO).wav,-1:99
Audios/all_raw/spcz4MLQKD0_Huz - En Avant (feat. Bellucci).wav,-1:99
Audios/all_raw/T4stQxboYKM_NASSIMA AIT AMI & YACINE YEFSAH - HUZ A YAMINA.wav,-1:99
Audios/all_raw/UJ5-4GiWNnc_TOSER ONE - La Ganga Ft. Coko Yamasaki (VIDEO OFICIAL).wav,-1:99
Audios/all_raw_separated/VLecCiNKjF0_C.E.O. - Antrax ( VIDEO OFICIAL )_accompaniment.wav,-1:99
Audios/all_raw/WGMa6qh-qFY_SOLO VOY - M R F.wav,-1:99
Audios/all_raw/xJt--P13x3s_04. Stiinte Oculte - Sa Cada Ploaia.wav,-1:99
Audios/all_raw/XJt-4KKCZBA_George X - Nahuati (PHCK Remix) [Sound Avenue].wav,-1:99
Audios/all_raw/z7y6MykrE5s_MC G15 - Eu Falei Pra Elas (KondZilla).wav,-1:99
Audios/all_raw/0aC-jOKuBFE_'SI YO FUERA √âL' OFICIAL 4K GRUPO JALADO.wav,0:00
Audios/all_raw/19Q9l85Feqw_Pyar Ho - Video Song _ Munna Michael _ Tiger Shroff & Nidhhi Agerwal _ Vishal & Sunidhi.wav,0:00
Audios/all_raw_separated/2F8Kr91wQ0U_Kaza - 3.5.7 (Clip officiel)_accompaniment.wav,0:00
Audios/all_raw_separated/2UL-1MOlSPw_Nativ - MVZ Vol. 2 - 07 Slick Rick (feat. Dawill)_accompaniment.wav,0:00
Audios/all_raw_separated/AoB8koE95C0_Quando Rondo - End Of Story (Official Audio)_accompaniment.wav,0:00
Audios/all_raw/bI8-2blisUM_Phronesis - Evergreen (Official Video).wav,0:00
Audios/all_raw/btMBUL8_liA_La foudre.wav,0:00
Audios/all_raw/DwgdKSKGMLQ_HUZ - Panamera.wav,0:00
Audios/all_raw/EygNk739nnY_MC Arthur - XJ6 (Love Funk) DJ GH.wav,0:00
Audios/all_raw/fadPaKn-xe8_Dime - Refill (VIDEOCLIP OFICIAL).wav,0:00
Audios/all_raw/gg5sZZPuK_o_Green71 (Dj Green) - Onajon (Official Clip).wav,0:00
"Audios/all_raw/GUC6UqXjU44_Kamel Igman ... Ayen A Thayr iw , Slam fella wen , Huz Huz.wav",0:00
Audios/all_raw/Tfypj4UwvvA_Going Deeper feat. Davis Mallory - Believe  _ #GANGSTERMUSIC.wav,0:00
Audios/all_raw/tnOuMlDUgu8_Justin Sane & Huz - It's Not Over (Official Music Video).wav,0:00
Audios/all_raw/xe8-Y1oVQeU_A Revolta Social ‚ÄúBP‚Äù ‚õî üáßüá∑ (ARS PRODU√á√ïES).wav,0:00
Audios/all_raw/Yyvo9O8fN-A_J-AX - Via di qua (Official Video) ft. Mr. Rain.wav,0:00
Audios/all_raw_separated/j9KKh215HTs_TiiwTiiw - Te amo feat Blanka & Sky (Selfie Algerian Cover)_accompaniment.wav,0:00.2
Audios/all_raw/lfy8tbM0q18_Vai Sofrer - Eder de Oliveira (OFICIAL 2014).wav,0:00.3
Audios/all_raw/ORurdsjkJMQ_Huz Kai - Crush (Visualizer).wav,0:00.3
Audios/all_raw_separated/yBzk2xXE9yg_RaiM & Artur feat. Zhenis - –î–∏—Å–∫–æ—Ç–µ–∫–∞ –∏–∑ 90 (2018)_accompaniment.wav,0:00.3
Audios/all_raw/vhWoHF9-qfY_Parry Gripp - Nice Big Monster Truck [Official 4K Video]_accompaniment.wav,0:00.5
Audios/all_raw/ZIiQ1jMqhVM_Luan Santana - MORENA (Clipe Oficial).wav,0:00.6
Audios/all_raw/C90sY_Ht6Ig_Calvin Markus - Emma's Eyes ('Daredevil - Season 3 Date Announcement' Trailer Music).wav,0:00.7
Audios/all_raw_separated/lYxcW8jtFw0_MC G15 - Deu Onda (KondZilla)_accompaniment.wav,0:00.9
Audios/all_raw_separated/Et-YdmSo_3A_MC Magal e MC G15 - Menor Periferia (GR6 Filmes) DJ Guil Beats_accompaniment.wav,0:01
Audios/all_raw_separated/hjIhCG_nIPA_MC G15 - Cara Bacana (Lyric Video) Jorgin Deejhay_accompaniment.wav,0:01
Audios/all_raw/w1G3rqVil1s_Raul Seixas - Medo da Chuva.wav,0:01
Audios/all_raw_separated/32MsxqBbe08_Merseil - Hi Marimba (Original)_accompaniment.wav,0:01.4
Audios/all_raw/YOKq1VmEbtc_GQ-I do love you.wav,0:01.7
Audios/all_raw/haCay85cpvo_Cub Sport - Told You So (Official Video).wav,0:02.1
Audios/all_raw/HwcCBnfhsR4_DAY6 'You make Me' M_V.wav,0:02.6
Audios/all_raw/xJt-wTjGkN8_[M_V] ÎèÑÏãú of Î†àÏù∏Î≥¥Ïö∞ ÌéòÏù¥Ìçº (Dosi of Rainbow paper) - Í≤®Ïö∏Ìñ•Í∏∞ (Memories of winter) (Official Music Video).wav,0:03
Audios/all_raw_separated/feVUoKhP1mE_Izuku - jamais vu (Clip Officiel)_accompaniment.wav,0:03.1
Audios/all_raw/BEo0rqOZIng_Huz Kai - On & On (Official Music Video).wav,0:03.2
Audios/all_raw/C7u6rtswjCU_Odhani ‚Äì Made In China _ Rajkummar Rao & Mouni Roy _  Neha Kakkar & Darshan Raval _ Sachin ‚Äì Jigar.wav,0:03.7
Audios/all_raw/GQ5-Y-n_Djw_Romantic States - Jason Hatred.wav,0:04.9
Audios/all_raw/2JL_KcEzkqg_B∆Ø·ªöC QUA ƒê·ªúI NHAU - L√ä B·∫¢O B√åNH [ OFFICIAL MV 4K ].wav,0:06.5
Audios/all_raw_separated/TzhhbYS9EO4_Boubkeur ... Huz Huz  ( Audio Officiel )_accompaniment.wav,0:07.1
Audios/all_raw/ThtO-8h-qfY_Briango - Bachata de Amor  Lyrics.wav,0:07.6
Audios/all_raw/Gq5-cpb5f7E_Leoparte - Floodlands (2015).wav,0:08.1
Audios/all_raw/2ul-hWVNIC0_Th eRockers_Inside Outside.wav,0:08.8
Audios/all_raw_separated/7pcZIsJNlAs_Didine Canon 16 ft. Larbi Maestro - Tir Ellil ÿ∑Ÿäÿ± ÿßŸÑŸÑŸäŸÑ_accompaniment.wav,0:09.3
Audios/all_raw/1wpJkzCWHcI_Nancy Ajram - Oul Hansak (Official Audio) _ ŸÜÿßŸÜÿ≥Ÿä ÿπÿ¨ÿ±ŸÖ - ŸÇŸàŸÑ ŸáŸÜÿ≥ÿßŸÉ.wav,0:11.8
Audios/all_raw/lEHM9HZf0IA_Diamond Eyes - Flutter [NCS Release].wav,0:12
Audios/all_raw/XJT-fM4nBJU_Picaturi Muzicale - Prieteni la patrat.wav,0:12
Audios/all_raw/0QN9KLFWn7I_Kozah - Paradox [NCS Release].wav,0:12.8
Audios/all_raw/nISI4qF55F4_T-Bone - Crazy Hispanic.wav,0:13.1
Audios/all_raw/Z5gvqq3ChII_–î–æ–º–∞ –Ω–µ —Å–∏–¥–∏.wav,0:13.6
Audios/all_raw/dpjUrLEgYKI_Justin Sane & Huz - Days With You (Official Music Video).wav,0:14.1
Audios/all_raw_separated/Mme9REVuidw_Zouhair Bahaoui - Hasta Luego ft TiiwTiiw & CHK #DreamTiiw2k17_accompaniment.wav,0:14.7
Audios/all_raw/xjt-NS8R2LA_Garcia - Anseio (Prod. Pacific).wav,0:14.7
Audios/all_raw/hV-FwW1LgxU_Pyaar De _ Sunny Leone & Rajniesh Duggall _ Ankit Tiwari _ Beiimaan Love.wav,0:15
Audios/all_raw/dtOv6WvJ44w_MARIJA PAVKOVIƒÜ SNA≈†A - KAD ODU SVI (OFFICIAL VIDEO).wav,0:15.8
Audios/all_raw/C5VCGM2J5ls_Ÿàÿßÿ¶ŸÑ ÿ¨ÿ≥ÿßÿ± - ÿ®ÿ≠ÿ®ŸÉ ŸÖÿ¥ ŸáŸÇŸàŸÑ ÿ™ÿßŸÜŸä _ Wael Jassar - Ba7ebek Mesh Ha2oul Tany.wav,0:15.9
Audios/all_raw/bwQ49N0jVvE_ÔΩôÔΩîÔΩí √ó Romonosov - Hangover (Music Video).wav,0:17.3
Audios/all_raw/HiPkwl5p1GY_Rutshelle Guillaume - M Pa La Ank√≤ (Official Music Video).wav,0:18.1
Audios/all_raw/PYM9NUU9Roc_‡πÇ‡∏≠‡πÄ‡∏Ñ‡∏õ‡πà‡∏∞ (Yes or No) feat. ‡∏ô‡∏∏‡∏ä ‡∏ß‡∏¥‡∏•‡∏≤‡∏ß‡∏±‡∏•‡∏¢‡πå ‡∏≠‡∏≤‡∏£‡πå ‡∏™‡∏¢‡∏≤‡∏°  - Flame ‡πÄ‡∏ü‡∏•‡∏° _ Official MV.wav,0:18.3
Audios/all_raw/sjlkxcwhpwA_AsÃßkƒ±n Odu Ciƒüerimi _ YUNUS EMRE Klibi.wav,0:21.7
Audios/all_raw_separated/0M24ENnb4gE_CEE OF U.K.V. IS YOU IS MUSIC VIDEO_accompaniment.wav,0:22.2
Audios/all_raw/RhBb77hG0iw_Nerga3 Tany - Hamoot Wa Arga3 _ Tamer Hosny - ŸÜÿ±ÿ¨ÿπ ÿ™ÿßŸÜŸä - ŸáŸÖŸàÿ™ Ÿà ÿßÿ±ÿ¨ÿπ.wav,0:24.8
Audios/all_raw/v0UvOsCi8mc_‡πÑ‡∏°‡πà‡πÄ‡∏Ñ‡∏¢ - 25hours„ÄåOfficial MV„Äç.wav,0:26
Audios/all_raw/bd5m12UEHWI_Duo Anggrek - Goyang Nasi Padang (Official Music Video NAGASWARA) #goyangnasipdg.wav,0:30
Audios/all_raw/V-ar6MLjy5o_357 - BAKLJA (originalni video) BAKLJA 2017.wav,0:30.9
Audios/all_raw/gwsaElRJI2M_Kayblack - A Cunhada (prod. Wall Hein e DJ RB).wav,0:32.5
Audios/all_raw_separated/8MAWFIM-2aI_Enamorado_accompaniment.wav,0:34.6
Audios/all_raw/D9ffTk7-2aI_Base de Rap _ Boom Bap _ Agresivo _ Underground _ Freestyle Beat _ Hip Hop Instrumental.wav,0:36
Audios/all_raw_separated/dl6vG66m1e8_Ilkay Sencan & Mert Hakan - Let Me_accompaniment.wav,0:36.5
Audios/all_raw/n4HTXYR-2AI_Sadhguru - D Neutrons Music _ Turban Trap.wav,0:41.9
Audios/all_raw_separated/3ObVN3QQiZ8_Nancy Ajram - Oul Tani Keda (Official Music Video) _ ŸÜÿßŸÜÿ≥Ÿä ÿπÿ¨ÿ±ŸÖ - ŸÇŸàŸÑ ÿ™ÿßŸÜŸä ŸÉÿØŸá_accompaniment.wav,0:43.4
Audios/all_raw/D6uH2mKJRUA_Huz - Curious (Original Mix).wav,0:45
Audios/all_raw_separated/UGTYqTKUl8w_Rost√°s T√ºnde - Szerelmes szavaim-Official ZG Stars' video_accompaniment.wav,0:52.1
Audios/all_raw/9DP0yMwvyWE_Fidel Rueda - Tu Ya Eres Cosa Del Pasado.wav,0:52.3
Audios/all_raw/SubIr_Fyp4M_TiiwTiiw - NO ME INTERESA (Clip officiel Khos√© ).wav,0:59.4
Audios/all_raw_separated/jII5qoCrzYE_MJ (Ïç®ÎãàÏÇ¨Ïù¥Îìú) - +2kg (feat. Ìö®Îπà) [Lyric Video]_accompaniment.wav,1:03.4
Audios/all_raw/SZaZU_qi6Xc_Carole Samaha - Esma'ny (Official Music Video) _ ŸÉÿßÿ±ŸàŸàŸÑ ÿ≥ŸÖÿßÿ≠ÿ© - ÿ•ÿ≥ŸÖÿπŸÜŸä - ÿßŸÑŸÉŸÑŸäÿ® ÿßŸÑÿ±ÿ≥ŸÖŸä.wav,1:29.1
Audios/all_raw/ulj-L3K_Gzs_Joey Briggs 'The Sun Will Shine' (Official Music Video).wav,1:45
audio_file,intro_location