file,intro_start,intro_end
Audios/new_raw/p7j-tz1Cn4o_Suh Salah Baru Marah - Line Seven Squad X SinfulRap X 34 Rap Gvnk (LIRIK VIDEO).wav,0:02.3,0:08.9
Audios/new_raw/fE2h3lGlOsk_ITZY 'WANNABE' M_V.wav,0:02.2,0:10.1
Audios/new_raw/OMR2W-7AyYU_Le Juiice - Jeune CEO (Clip officiel).wav,0:01.9,0:08.8
Audios/new_raw/gyegm85BPPA_Sleeping Bunnies - The Cutest Songs for Children _ LooLoo Kids.wav,0:01,0:09.1
Audios/new_raw/NL2ZHPji3Z0_DOMINGO ABACAXI FLAMINGO _ Bolofofos [Público em Geral].wav,0:08.6,0:13.4
Audios/new_raw/HMvXE4Zs6ZA_DPR LIVE - Laputa (ft. CRUSH(크러쉬)) OFFICIAL M_V.wav,0:01.5,0:09.8
Audios/new_raw/Ib7m3Qh-4O4_Young Grace - Diamante (Official Audio).wav,0:00,0:06
Audios/new_raw/RLMl1umHgp0_Maslax Mideeye ft Nimco NacNac _ Sideena Waa Sigaara ( Official Video ) 2021.wav,0:15.3,0:20.2
"Audios/new_raw/zumMQrI_tMg_You Are My Soniya Lyric Video - K3G_Kareena Kapoor,Hrithik Roshan_Sonu Nigam, Alka Yagnik.wav",1:01.8,1:06.1
Audios/new_raw/6pARjpdqxYQ_MAGAZINE - SAO (Official Lyric Video).wav,0:12.6,0:18.9
Audios/new_raw/Ws-QlpSltr8_Đen - Trốn Tìm ft. MTV band (M_V).wav,0:02.6,0:08.4
Audios/new_raw/TeH7sCVCMJk_Sezen Aksu - Vay (Official Video).wav,0:08.2,0:16.1
Audios/new_raw/8y-ugml0WE8_Tanıl - Vay Ki Ne Vay (Official Video).wav,0:18.8,0:23.1
Audios/new_raw/RoeRU5zxkak_EOM - Bump Bump Joint (Official Music Video).wav,0:13.1,0:18.4
Audios/new_raw/eXvBjCO19QY_2Pac - Changes (Official Music Video) ft. Talent.wav,0:01,0:07.8
Audios/new_raw/0uLI6BnVh6w_Elle King - Ex's & Oh's (Official Video).wav,0:19,0:25.8
Audios/new_raw/7ZgPGMfUVek_Bea Miller - Open Your Eyes (Deep Blue Songspell) (Official Video).wav,0:07.2,0:14.3
Audios/new_raw/Stet_4bnclk_Booba - DKR (Clip officiel).wav,0:52.6,1:01.5
Audios/new_raw/S_-qkv0NZ1g_NGK BURLESQUE (Official Video) [Prod. Weshit].wav,0:04.3,0:12.8
Audios/new_raw/nn5nypm7GG8_Senko & Denko (Màssimon & Lightsking) feat. Jana - GOOD VIBES.wav,0:00,0:08.4
Audios/new_raw/6MSYrN4YfKY_TEAM X - ADIOS (Official Music Video).wav,0:09.8,0:13.8
"Audios/new_raw/hejXc_FSYb8_SIMMBA - Tere Bin _ Ranveer Singh, Sara Ali Khan _ Tanishk Bagchi, Rahat Fateh Ali Khan, Asees Kaur.wav",0:00,0:05.5
Audios/new_raw/XkC8Uzl9pCY_Joseph Attieh - Yey [Official Lyric Video] _ جوزيف عطية - ياي.wav,0:00,0:06
Audios/new_raw/99f0oH45TVc_Cub Sport - Hawaiian Party (By Dolan Twins).wav,0:11.5,0:17.1
Audios/new_raw/1kN-34GFMYM_AQP STRONG 'EROS DANCE' zor zor Extreme Tanz-Team Lia Rubi y Drakito.wav,0:01.7,0:10.9
Audios/new_raw/vgZv7Uu4YrA_TEAM X - BARWY (Official Music Video).wav,0:00.6,0:09.6
Audios/new_raw/xQOXxmznGPg_[Official Video] Sasaki Sayaka - Zzz -　佐咲紗花.wav,0:11.1,0:17.6
Audios/new_raw/6TT_UgrRHq8_SOUF - Mi Amor (Clip Officiel).wav,0:09.5,0:17.3
Audios/new_raw/d7to9URtLZ4_パンダヒーロー／luz×nqrse×そらる×まふまふ【歌ってみた】.wav,0:06.3,0:11.3
Audios/new_raw/PRKATcDSQh8_357-Nebeski covek.wav,0:00.2,0:05.2
Audios/new_raw/uUfPwlxFFJM_AMP_어쩌다 가끔씩.wav,0:02,0:11.5
Audios/new_raw/0EVVKs6DQLo_Doja Cat - Kiss Me More (Official Video) ft. SZA.wav,0:17.5,0:26.3
Audios/new_raw/EfZ-dVDySzc_Granger Smith - Backroad Song (Official Music Video).wav,0:01.2,0:06.7
Audios/new_raw/SCBxmcwmX7U_Man Cub & APEK - Wrong To Let You Go (Official Music Video) feat. April Bender.wav,0:00,0:06.2
Audios/new_raw/vMcFA2x23FE_Generación 5 PC - Tu eres vida (Nuevo 2019).wav,0:59.7,1:05.1
Audios/new_raw/uo8qDCDZhK0_La Beriso - Como Olvidarme.wav,0:22.8,0:29
Audios/new_raw/D4nWzd63jV4_DAYNE GØD & ♚ℑℵℜ♚ - NEMŮŽU SPÁT (OFF. VD.).wav,0:00.2,0:05.9
Audios/new_raw/S-zQJFRX5Fg_Baby Baby.wav,0:00.2,0:07.3
Audios/new_raw/xT1eOeXlTXg_BoA 보아 'Action' (Gwangju Design Biennale Collaboration Song).wav,0:09,0:15.7
Audios/new_raw/VAc0xuVa7jI_Kjarkas - Munasquechay (Official Video).wav,0:15.8,0:22.1
Audios/new_raw/Wo2qUD1g7xM_Giả Vờ Thương Anh Được Không - Chu Bin (Audio Official).wav,0:21.0,0:29.3
Audios/new_raw/1CrxzClzLvs_ODE - 25h ft. Kube.wav,0:00.1,0:07.2
Audios/new_raw/co6WMzDOh1o_U2 - Beautiful Day (Official Music Video).wav,0:00.2,0:07
Audios/new_raw/aQ06TfyA1Ks_Ivan Zak - Da si tu (Official video).wav,0:08.9,0:17.1
Audios/new_raw/rWznOAwxM1g_Cô Gái Ngày Hôm Qua - Vũ Cát Tường (OST Cô Gái Đến Từ Hôm Qua) _ MV Official.wav,0:20.0,0:31.1
Audios/new_raw/7QQzDQceGgU_DPR IAN - So Beautiful (OFFICIAL M_V).wav,0:57.5,1:05
"Audios/new_raw/SQBuVfTX1ME_DPR LIVE - Jam & Butterfly (feat. CRUSH, eaJ) Official Audio.wav",0:01.4,0:08
Audios/new_raw/4F1wvsJXXVY_ISI - Gustavo Rodriguez - Septimo Sentido _ Salsa.wav,0:00.6,0:05.6
Audios/new_raw/i0MrGb1hT2U_eaJ - Pacman.wav,0:02.1,0:10.2
Audios/new_raw/EVSuxb6Ywcg_25 hours - Lady Official MV.wav,0:08,0:15.9
Audios/new_raw/hed6HkYNA7g_ITZY '믿지 (MIDZY)' Lyric Video.wav,0:01.3,0:09.1
Audios/new_raw/1juIFmPyG-Y_[Nhạc chế] - SỨC MẠNH CỦA SAO ĐỎ _ Hậu Hoàng.wav,0:00,0:07
Audios/new_raw/Vjh2W8ALKno_Isi Hati - Misellia (Official Music Video).wav,0:15.6,0:20.3
Audios/new_raw/-8cFfkyk7vA_Edis - Çok Çok.wav,0:00,0:04.9
Audios/new_raw/h-nnAeByB1A_Shift K3Y - I Know.wav,0:08,0:16.2
Audios/new_raw/qAiwzv8N7rM_The Lifted - Don't Let Go.wav,0:20.2,0:29.7
Audios/new_raw/F64yFFnZfkI_ヨルシカ - 言って。(Music Video).wav,0:14.4,0:20.0
Audios/new_raw/GsPq9mzFNGY_James Bay - Let It Go.wav,0:14.0,0:20.5
Audios/new_raw/a8cJLohQ_Jg_602 - Edgar Baldovino (Video Oficial).wav,0:20.1,0:26.8
Audios/new_raw/ZvrysfBDzSs_SKP  Feat. RachYO - Sorry (ขอโทษ)  [OFFICIAL MV].wav,0:05.4,0:11.6
Audios/new_raw/d6BzCEkGd3I_VITAA & SLIMANE - Avant toi (Clip Officiel).wav,0:00,0:06.6
Audios/new_raw/WrRAZVJGImw_《BMG - Be My Girl》 Keung To Anson Lo @ MIRROR.wav,0:00.9,0:08.9
Audios/new_raw/IpniN1Wq68Y_24H _ OFFICIAL MUSIC VIDEO _  LYLY ft MAGAZINE.wav,0:00.1,0:12.8
Audios/new_raw/EH1OEWJ9C5w_Eit Easter8 - เธอน่ารักไม่มีใครเกิน [Official MV].wav,0:00.8,0:10.4
Audios/new_raw/hHItMz0gfaU_“Miracle” illion music video.wav,0:11.5,0:19.1
Audios/new_raw/9odM1BRqop4_Pyar Hoya Ae _ Zehan _ Latest Punjabi Song 2021 _ Wiinning Records _ official video.wav,0:03.2,0:11.3
Audios/new_raw/hMWoOunsMFM_Nordo ft. Blingos - Layem (Clip Officiel) _ الأيام.wav,0:00,0:09.7
Audios/new_raw/GphIn74Weu0_Kabza De Small - Nia Lo (Official Video) ft. Nia Pearl.wav,0:10.2,0:18.6
Audios/new_raw/72T4j04MS8o_Marek Tranda - Moja Dumka.wav,0:03.7,0:08.4
Audios/new_raw/agKkcRXN2iE_NGK feat. Charlotte - Non menti (Official Video).wav,0:05.5,0:11.6
Audios/new_raw/Yyvo9O8fN-A_J-AX - Via di qua (Official Video) ft. Mr. Rain.wav,0:00.1,0:09.9
Audios/new_raw/-MqZKMbOYEA_noi pru - ตราบใดที่เธอยังมีชีวิต _ It's not The End [Official MV].wav,0:04,0:12.2
Audios/new_raw/PALMMqZLAQk_SZA - The Weekend (Audio).wav,0:38.4,0:47.8
Audios/new_raw/xqzOxMdhmzU_Claudio Fénix  - Quero te fazer feliz ft CEF (Video Oficial).wav,0:04.7,0:09.7
Audios/new_raw/j1c70vRHdhQ_Rim'K - Vida Loca ft. Lartiste (Official Video).wav,0:00.6,0:05.3
Audios/new_raw/GQT8ejgV2_A_GDZ - TOUT EST BLACK [Clip Officiel].wav,0:07.3,0:14.1
Audios/new_raw/RpJz01guPMY_Beto Zapata - 40 y 21 (Video Oficial).wav,0:25.6,0:32.68
Audios/new_raw/Jtv4satRsP0_Khalaezzy Game  (Chuku100 & Top Shotta Fi)  - Feat. Lightshow - F.S.B (Official Music Video).wav,0:10.3,0:17.5
Audios/new_raw/Qr8eZSVaw10_Nordo - 3arbouch _ عربوش (Clip Officiel).wav,0:00,0:05.1
Audios/new_raw/ytq5pGcM77w_in the blue shirt - Cluster A.wav,0:06.3,0:11.1
Audios/new_raw/sPlXrbVLdO8_TEAM X - ALL IN (Official Music Video).wav,0:00.1,0:12.3
"Audios/new_raw/E-8pyVBvCPQ_DPR IAN - No Blueberries (ft. DPR LIVE, CL) OFFICIAL M_V.wav",1:41.4,1:50.8
Audios/new_raw/2AWE9tqnDPw_WhoGangDee - FTOS 'Official Video' #4kt.wav,0:06,0:11.6
"Audios/new_raw/ZBBS4imv1qo_Major Lazer, J Balvin - Que Calor (Official Video) ft. El Alfa.wav",0:07,0:14.3
Audios/new_raw/bI7xde9-3BI_SAO EM VÔ TÌNH _ JACK x K-ICM ft. LIAM _ OFFICIAL MV 4K.wav,2:19,2:32
Audios/new_raw/TnsOVDCq_b0_Ivan Zak - Milion (OFFICIAL VIDEO).wav,0:30,0:38
"Audios/new_raw/tXvpe2GbUec_DPR LIVE - Please (ft. KIM HYO EUN, G2, DUMBFOUNDEAD) OFFICIAL M_V.wav",0:07,0:16
Audios/new_raw/tEW2eRQ-4DY_Plantlife - Why'd you call me (HQ).wav,0:13,0:19.8
Audios/new_raw/KKc_RMln5UY_Đen - Lối Nhỏ ft. Phương Anh Đào (M_V).wav,0:52.5,1:02
Audios/new_raw/AjGkbFqi67c_CUCO - Lo Que Siento (Official Audio).wav,0:00,0:07.4
Audios/new_raw/7LuQQP-DAoc_Lily (Full MV) - DIAURA.wav,0:31,0:35.8
Audios/new_raw/gFnNr5vr5bQ_T25 _ فعيني دم  _ prod.Black Aka JmJom.wav,0:00,0:06
Audios/new_raw/KT-m6qTJyN0_Los Inquietos Del Norte - Ahora Que Puedo (Video Oficial).wav,0:12.5,0:17
Audios/new_raw/Srp0opA8V8o_Gaby Violeira ft. Bruno e Barretto ft. Dj Kevin - 8x8 (COM GRAVE ) 《MODÃO SERTANEJO 》.wav,0:09.2,0:14.2
"Audios/new_raw/csHiDQXIggE_Ek Chumma Video _ Housefull 4 _ Akshay K, Riteish D, Bobby D, Kriti S, Pooja, Kriti K _ Sohail Sen.wav",0:09.2,0:16
Audios/new_raw/FhvXg70ycrM_Fly Lo x Mad Clip - LDN (Official Music Video).wav,0:03.6,0:10.3
Audios/new_raw/1X0SdKtnwo8_မိုးခါးရေ by David Lai  (MOE KHAR YAE).wav,0:00.3,0:05.9
Audios/new_raw/uo6VU4euIbY_NÍU DUYÊN _ LÊ BẢO BÌNH _ OFFICIAL MUSIC VIDEO.wav,0:21.5,0:28
Audios/new_raw/sY5wXfgspQI_Unnai Kaapaatha Venum Official Video Song _ Ahashe _ Sugu _ Vino.S.wav,0:08.1,0:14
"Audios/new_raw/ZpDQJnI4OhU_Mary J. Blige, U2 - One (Official Music Video).wav",0:01.1,0:09.8
Audios/new_raw/zk04E79riMQ_1 ON 1 (Official Song) Jassa Dhillon _ Gur Sidhu _ New Punjabi Song 2021 _ Punjabi Songs _ Above All.wav,0:03,0:07
Audios/new_raw/ReI6gvzVP0Y_New Edition - If It Isn't Love (Official Music Video).wav,0:31.7,0:37.1
Audios/new_raw/hn3wJ1_1Zsg_LP - Lost On You [Official Video].wav,0:06.3,0:12.4
Audios/new_raw/oQ0O2cd1T04_MASKED - Can I Love You (Lyrics) ft. Roxana.wav,1:05.9,1:11.8
Audios/new_raw/nFOLhtsyvMA_Fisz Emade Tworzywo - Pył (feat. Justyna Święs).wav,0:08.1,0:12.6
Audios/new_raw/Js2JQH_kt0I_Los Austeros De Durango - No Ocupo de Nadie (Video Oficial).wav,0:00.6,0:06.1
Audios/new_raw/ahpmuikko3U_Tala - Sarah Geronimo [Official Music Video].wav,2:51.9,2:56.9
Audios/new_raw/STpRa2JPFA0_Phony Ppl - Fkn Around (feat. Megan Thee Stallion) [Official Lyric Video].wav,0:00.2,0:05.3
Audios/new_raw/VlWs8ey2nyg_アネモネリア『Life is サイダー』-Music Video-(TVアニメ「ワンダーエッグ・プライオリティ」ED).wav,0:03.1,0:08.4
Audios/new_raw/GIulOhzXufc_Eit Easter8 _ อสูรกาย [Official MV].wav,0:00,0:07
Audios/new_raw/ey4Fc9DP5Rw_Massari - Be Easy [Official Video].wav,0:00.1,0:05.4
Audios/new_raw/JeGhUESd_1o_CL +5 STAR+ Official Video.wav,0:00.5,0:08.5
Audios/new_raw/dvf--10EYXw_3OH!3 - STARSTRUKK (Feat. Katy Perry) [OFFICIAL MUSIC VIDEO].wav,0:03.8,0:11
Audios/new_raw/RCJx5VW-fQI_Una botella más. Los Gatos Locos.wav,0:21.4,0:27.3
Audios/new_raw/IN1f9k8qVDk_野望なき野郎どもへ feat. TOSHI-LOW (BRAHMAN _ OAU)　MV＋ドキュメンタリー _ TOKYO SKA PARADISE ORCHESTRA.wav,0:13.9,0:19.1
Audios/new_raw/g20t_K9dlhU_Người Lạ Ơi ! Official MV _ Superbrothers x Karik x Orange.wav,0:30,0:36.7
Audios/new_raw/IYnu4-69fTA_Tarkan - Beni Çok Sev.wav,0:01.1,0:06.9
Audios/new_raw/zaCbuB3w0kg_EMIWAY - FIRSE MACHAYENGE (OFFICIAL MUSIC VIDEO).wav,0:17.1,0:22.5
Audios/new_raw/O2q_9lBDM7I_ขออภัย - 25hours「LYRIC VIDEO」.wav,0:11.7,0:17.9
Audios/new_raw/TFv9Kcym9dg_Makaronin X Sheriff - Ülj le (Official Music Video ).wav,0:00,0:07.9
Audios/new_raw/bfd2Cvbh_3w_Ano Ko Ni 1mm Demo Chokkai Kaketara Korosu.wav,0:04.1,0:08.4
Audios/new_raw/3gjfHYZ873o_Machine Gun Kelly - Sail (Official Music Video).wav,0:09.7,0:17.4
Audios/new_raw/CXm7hPs_als_Ska-P - Jaque al Rey.wav,0:05.9,0:11.9
Audios/new_raw/Zh3uBgwow8A_Ivan Zak - Pretjerujem - (Official video).wav,0:29.0,0:37.3
Audios/new_raw/IISA6t-9zzc_UM44K - 4 Da Manhã.wav,0:00.1,0:08.1
Audios/new_raw/WJs-_T8I74Y_Kyd the Band - Lyrics (Official Video).wav,0:01.8,0:07.5
Audios/new_raw/mYa_9d2Daas_Grup DüzgünKardesler - HALAY Heylo _ Wiy de Çê ( Orginal Videoclip).wav,0:03.5,0:10.7
Audios/new_raw/u8BxVzRG9bE_Sarkar - CEO In The House Video (Tamil) _ Thalapathy Vijay _ A .R. Rahman _ A.R Murugadoss.wav,0:00.1,0:06.7
Audios/new_raw/S2RnxiNJg0M_SEKALI INI SAJA - Rafis x Echon Chonex x Ipey BHC [ Official MV ].wav,0:00,0:08.8
Audios/new_raw/oxKbrl4kyg8_Max Valenzuela - Lo Siento Bb.wav,0:00.2,0:08
"Audios/new_raw/xePw8n4xu8o_Lightsking, Mássimon & Big Bane - SCHALLDÄMPFER RIDDIM.wav",0:20.4,0:25.2
Audios/new_raw/YEq-cvq_cK4_Luke Bryan - One Margarita (Official Music Video).wav,0:00.5,0:07.8
Audios/new_raw/42O51bcJyq0_#راشد_الماجد - اللي لقا أحبابه _ Rashed Al Majed - Elli Lega Ahbabah.wav,0:12.3,0:18.1
Audios/new_raw/7zz-nEVKZdc_Burcu Canbaş - Geçsin Günler Haftalar (Official Video).wav,0:01.2,0:10.6
Audios/new_raw/1WXIdZ1XgnU_ORHAN KEMAL HAP KOYDUM (KAYNANA) OFFİCİAL VİDEO KLİP [HD].wav,0:14.5,0:21.7
Audios/new_raw/WRSeV_27z6k_Say 'Shava Shava' Full Video - K3G_Amitabh Bachchan_Shah Rukh_Rani_Kajol_Alka Yagnik.wav,0:33.5,0:38
Audios/new_raw/q_4no3KCrY4_Soolking - Fada [Clip Officiel] Prod. By Zak Cosmos.wav,0:07.6,0:12.4
Audios/new_raw/SgJMnEdtTXA_Ivan Zak i Prijatelji – Svi smo uz vas (OFFICIAL VIDEO).wav,0:04.5,0:11.9
"Audios/new_raw/BrrWNfjgHGs_Nee Kallalona Full Video Song _ Jai Lava Kusa Songs _ Jr NTR, Raashi Khanna, DSP _ Telugu Songs 2017.wav",0:07.6,0:14.4
Audios/new_raw/wAJMhJpSCIc_Isi Hati - Reyn Herrits Feat. Brother Shan RBS (LIRIK VIDEO).wav,0:00.6,0:10.2
Audios/new_raw/XBTT9tSVsh0_The One (feat. 3LW).wav,0:00.2,0:05.5
Audios/new_raw/1lunUbvf35M_Tyler & Ryan - Caller ID (Official Music Video).wav,0:10.0,0:16.9
"Audios/new_raw/cUKD9tEeBp0_DIAMOND MQT - GUCCI BELT ft. YOUNGOHM ,FIIXD ,YOUNGGU (Prod. By SIXKY) [Official Music Video].wav",0:03.2,0:09.8
Audios/new_raw/gxU-5B-nFnU_♬ THÊ LƯƠNG - PHÚC CHINH ( OFFICIAL LYRIC VIDEO ).wav,0:22.1,0:30.2
Audios/new_raw/xc0sWhVhmkw_Rutshelle Guillaume - Poze feat. Salatiel (Official Audio).wav,0:09.5,0:14.4
Audios/new_raw/v2seHL0pwbg_Vay Halimize [Official Video] - Gökhan Türkmen feat. GT Band.wav,0:02.4,0:10.6
Audios/new_raw/JQTlG7NxJek_Viervierteltakt ft. Laura - Oft gefragt.wav,0:31.4,0:35.3
Audios/new_raw/hjZqVw3qI9E_แววตา - เจ เจตริน  【OFFICIAL MV】.wav,0:03.7,0:09.4
Audios/new_raw/PQAIxeSIQU4_DPR LIVE - TILL I DIE M_V.wav,0:33.5,0:41.5
Audios/new_raw/gv7BRXvZJbI_Begini & Ivan Zak - Obriši suze (Official Video).wav,0:00.3,0:07.8
Audios/new_raw/Skt_NKI4d6U_ZHU - Cocaine Model (Official Video).wav,0:43.2,0:47.2
Audios/new_raw/DGsoqhIUgDQ_Rutshelle Guillaume - Fou (Official audio).wav,0:00,0:05.6
Audios/new_raw/gDevCxVY_wA_Tankcsapda - Örökké tart (hivatalos videóklip).wav,0:00.4,0:10.4
Audios/new_raw/RYzQvj3icjs_Omi - Hula Hoop (Official Video).wav,0:20.3,0:26.7
Audios/new_raw/4wgo8K28RNM_Vio X Chef Bi - 'UZA' [Official Audio].wav,0:00,0:07.3
Audios/new_raw/4jvQFLlRQlo_Man Cub - Real Me (Lyrics) ft. Meggie York.wav,0:01.6,0:08.1
Audios/new_raw/PCp2iXA1uLE_フレデリック「オドループ」Music Video _ Frederic 'oddloop'.wav,0:00.2,0:05.8
Audios/new_raw/IrtcCSE2bVY_Denis Ramniceanu si Marina Mitrea - Eu pun STOP [videoclip oficial] 2021.wav,0:01.9,0:09.4
Audios/new_raw/DyQ_9p6y89c_Big Bane - VAGABUNDA (Official Video).wav,0:08.9,0:13.4
Audios/new_raw/68b_HImZAig_คิดไปเอง - NOS【OFFICIAL MV】.wav,0:11,0:17.8
Audios/new_raw/mWfWyhzC22U_Léo Magalhães - Oi - [Vídeo Oficial].wav,0:08.9,0:14.9
Audios/new_raw/XgwqnGG-pbI_Da-iCE _ 「amp」Lyric Video.wav,0:00.6,0:06.7
Audios/new_raw_separated/Xhh3_-JRnDc_Bazzi - I.F.L.Y. [Official Music Video]_accompaniment.wav,0:00,0:09.1
Audios/new_raw/5FYAICvv-d0_Sezen Aksu - Yaz (Official Audio).wav,0:36.5,0:40.3
Audios/new_raw/zEWSSod0zTY_GHÉ QUA  _ OFFICIAL MV _ Dick x PC x Tofu.wav,0:14.6,0:24.6
Audios/new_raw/MY4YJxn-9Og_Marc Anthony - You Sang To Me (Video).wav,0:00,0:06.9
Audios/new_raw/WrDJMxSKlCA_Ivan Zak - Naučila Si Me (Official video).wav,0:00.7,0:07.6
Audios/new_raw/aIJuCcGFJkc_Nasty Mind.wav,0:00,0:05.3
Audios/new_raw/lE_747E_Sdg_MR - Hoy (Video Oficial).wav,0:01.2,0:08
Audios/new_raw/gue_crpFdSE_CKY - Attached At The Hip (Official Video).wav,0:00.5,0:05.1
Audios/new_raw/wcLXjQLwSBE_Mohabbat (Official Video) Shanky Goswami _ Vikram Pannu _ Tattoo _ New Haryanvi Songs Haryanavi 2021.wav,0:22.7,0:29.3
Audios/new_raw/RHGfkuJv0j0_(y73) Zaf_G x Cizri - Ghana (prod. By Rudez Beats).wav,0:15.7,0:20.3
Audios/new_raw/ftjEcrrf7r0_U2 - One (Official Music Video).wav,0:03,0:08.9
Audios/new_raw/VVRszjvg3_U_ZaeHD & CEO - ROBOTICS.wav,0:00.1,0:06.5
Audios/new_raw/zyQkFh-E4Ak_THE WHITE HAIR CUT - ทุกช่วงเวลา.wav,0:00.9,0:06.5
Audios/new_raw/xhmtXrtLkgo_Senko X Denko - HOE.wav,0:00,0:04.8
Audios/new_raw/7E_a_VKjcl8_Search - Isi Atau Kulit (HQ).wav,0:11.1,0:16.0
Audios/new_raw/R1T_SrdQGH8_Jek - 'Une dernière danse' [Nouveauté 2017][Clip officiel HD].wav,0:10,0:15.0
Audios/new_raw/j3DigipQ_hQ_Selina and Sirinya  - Our (Official Music Video).wav,0:09.8,0:15.2
Audios/new_raw/3DCHLwOqtJs_Bir Yaz Daha Bitiyor - Gündoğarken (Official Audio).wav,0:03.5,0:10.5
Audios/new_raw/Oq1n8fUxQZc_Dj LESKA - VEGEDREAM - KGS _ Vay (Clip Officiel).wav,0:04.1,0:09
Audios/new_raw/thc1MtNagC8_3 Doors Down - Let Me Go (Official Music Video).wav,0:01.1,0:06.2
Audios/new_raw/9nWpMZFrbvI_Gipsy Mekenzi Studio CD 6 - SOSKE MANGE.wav,0:18.1,0:23.3
Audios/new_raw/Jg9NbDizoPM_DPR LIVE - Jasmine (prod. CODE KUNST) Official M_V.wav,0:03.6,0:10.4
Audios/new_raw/1Ngn3fZIK2E_Tiê 'A Noite' - Clipe Oficial.wav,0:00.2,0:08.2
Audios/new_raw/Ng2JdroNfC0_Mehdi Mozayine - Khaliti Fi Galbi Jarh (Official Video) مهدي مزين - خليتي في قلبي جرح.wav,0:00.1,0:06.1
Audios/new_raw/SyZOAgXiPMw_NGK - Thimiranumda Video _ Suriya _ Yuvan Shankar Raja _ Selvaraghavan.wav,0:00.2,0:05.1
Audios/new_raw/2ySLmwsfP4Q_Benjamin Orr - Stay the Night (Official Music Video).wav,0:04.5,0:09.7
