track,speedup
normalize_5s_intro_S_-qkv0NZ1g.wav,1.7
normalize_5s_intro_D4nWzd63jV4.wav,1.14
normalize_5s_intro_sjlkxcwhpwA.wav,0.88
normalize_5s_intro_bI8-2blisUM.wav,1.66
normalize_5s_intro_jII5qoCrzYE.wav,1.04
normalize_5s_intro_BEo0rqOZIng.wav,1.26
normalize_5s_intro_nn5nypm7GG8.wav,1.68
normalize_5s_intro_2AWE9tqnDPw.wav,1.08
normalize_5s_intro_DyQ_9p6y89c.wav,0.9
normalize_5s_intro_2UL-1MOlSPw.wav,0.84
normalize_5s_intro_Ib7m3Qh-4O4.wav,1.2
normalize_5s_intro_Tfypj4UwvvA.wav,1.6
normalize_5s_intro_4F1wvsJXXVY.wav,1
normalize_5s_intro_V-ar6MLjy5o.wav,1.42
normalize_5s_intro_WJs-_T8I74Y.wav,1.14
normalize_5s_intro_a8cJLohQ_Jg.wav,1.34
normalize_5s_intro_Yh78Ll6-ODQ.wav,1.02
normalize_5s_intro_XBTT9tSVsh0.wav,1.06
normalize_5s_intro_RoeRU5zxkak.wav,1.06
normalize_5s_intro_RCJx5VW-fQI.wav,1.18
normalize_5s_intro_6pARjpdqxYQ.wav,1.26
normalize_5s_intro_uUfPwlxFFJM.wav,1.34
normalize_5s_intro_S2RnxiNJg0M.wav,1.76
normalize_5s_intro_Srp0opA8V8o.wav,1
normalize_5s_intro_tEW2eRQ-4DY.wav,1.36
normalize_5s_intro_gFnNr5vr5bQ.wav,1.2
normalize_5s_intro_9nWpMZFrbvI.wav,1.04
normalize_5s_intro_p7j-tz1Cn4o.wav,1.32
normalize_5s_intro_xePw8n4xu8o.wav,0.96
normalize_5s_intro_JQTlG7NxJek.wav,0.78
normalize_5s_intro_xhmtXrtLkgo.wav,0.96
normalize_5s_intro_vMcFA2x23FE.wav,1.08
normalize_5s_intro_Jtv4satRsP0.wav,1.44
normalize_5s_intro_1CrxzClzLvs.wav,1.42
normalize_5s_intro_C90sY_Ht6Ig.wav,1.62
normalize_5s_intro_n4HTXYR-2AI.wav,1.38
normalize_5s_intro_1lunUbvf35M.wav,1.38
normalize_5s_intro_dtOv6WvJ44w.wav,0.9
normalize_5s_intro_agKkcRXN2iE.wav,1.22
normalize_5s_intro_ulj-L3K_Gzs.wav,0.94
normalize_5s_intro_feVUoKhP1mE.wav,1.88
normalize_5s_intro_TFv9Kcym9dg.wav,1.58
normalize_5s_intro_R1T_SrdQGH8.wav,1
normalize_5s_intro_GIulOhzXufc.wav,1.4
normalize_5s_intro_XJT-fM4nBJU.wav,1.18
normalize_5s_intro_4wgo8K28RNM.wav,1.46
normalize_5s_intro_3DCHLwOqtJs.wav,1.4
normalize_5s_intro_EygNk739nnY.wav,1.03
normalize_5s_intro_GQT8ejgV2_A.wav,1.16
normalize_5s_intro_sY5wXfgspQI.wav,1.18
normalize_5s_intro_EH1OEWJ9C5w.wav,1.5
normalize_5s_intro_1kN-34GFMYM.wav,1.2
normalize_5s_intro_XgwqnGG-pbI.wav,1.22
normalize_5s_intro_OMR2W-7AyYU.wav,1.38
normalize_5s_intro_DGsoqhIUgDQ.wav,1.04
normalize_5s_intro_mYa_9d2Daas.wav,1.44
normalize_5s_intro_VVRszjvg3_U.wav,1.28
normalize_5s_intro_RHGfkuJv0j0.wav,0.92
normalize_5s_intro_haCay85cpvo.wav,1.18
normalize_5s_intro_xT1eOeXlTXg.wav,1.34
normalize_5s_intro_xc0sWhVhmkw.wav,0.98
normalize_5s_intro_oQ0O2cd1T04.wav,1.18
normalize_5s_intro_bwQ49N0jVvE.wav,1.08
normalize_5s_intro_xqzOxMdhmzU.wav,1
normalize_5s_intro_nISI4qF55F4.wav,1.02
normalize_5s_intro_S-zQJFRX5Fg.wav,1.42
normalize_5s_intro_xQOXxmznGPg.wav,1.3
normalize_5s_intro_VlWs8ey2nyg.wav,1.06
normalize_5s_intro_C5VCGM2J5ls.wav,1.62
normalize_5s_intro_4jvQFLlRQlo.wav,1.3
normalize_5s_intro_qAiwzv8N7rM.wav,1.9
normalize_5s_intro_wcLXjQLwSBE.wav,1.32
normalize_5s_intro_SgJMnEdtTXA.wav,1
normalize_5s_intro_7zz-nEVKZdc.wav,1.12
normalize_5s_intro_aIJuCcGFJkc.wav,1.06
normalize_5s_intro_ytq5pGcM77w.wav,0.96
normalize_5s_intro_wAJMhJpSCIc.wav,1.38
normalize_5s_intro_STpRa2JPFA0.wav,1.02
normalize_5s_intro_7E_a_VKjcl8.wav,0.98
normalize_5s_intro_TzhhbYS9EO4.wav,1.06
normalize_5s_intro_IrtcCSE2bVY.wav,1.06
normalize_5s_intro_hHItMz0gfaU.wav,1
normalize_5s_intro_v2seHL0pwbg.wav,1.12
normalize_5s_intro_Js2JQH_kt0I.wav,1.1
normalize_5s_intro_-MqZKMbOYEA.wav,1.64
normalize_5s_intro_0QN9KLFWn7I.wav,1.38
normalize_5s_intro_UGTYqTKUl8w.wav,1.06
normalize_5s_intro_IN1f9k8qVDk.wav,1.04
normalize_5s_intro_gue_crpFdSE.wav,0.92
normalize_5s_intro_5FYAICvv-d0.wav,0.76
normalize_5s_intro_RLMl1umHgp0.wav,0.98
normalize_5s_intro_zyQkFh-E4Ak.wav,1.12
normalize_5s_intro_WrRAZVJGImw.wav,1.04
normalize_5s_intro_SCBxmcwmX7U.wav,1.24
normalize_5s_intro_9odM1BRqop4.wav,1.26
normalize_5s_intro_PQAIxeSIQU4.wav,1.6
normalize_5s_intro_SyZOAgXiPMw.wav,0.98
normalize_5s_intro_7LuQQP-DAoc.wav,0.96
normalize_5s_intro_oxKbrl4kyg8.wav,1.56
normalize_5s_intro_hed6HkYNA7g.wav,1.56
normalize_5s_intro_O2q_9lBDM7I.wav,1.24
normalize_5s_intro_FhvXg70ycrM.wav,1.34
normalize_5s_intro_Z5gvqq3ChII.wav,1.1
normalize_5s_intro_1wpJkzCWHcI.wav,1.2
normalize_5s_intro_GphIn74Weu0.wav,1.68
normalize_5s_intro_TnsOVDCq_b0.wav,1.5
normalize_5s_intro_HiPkwl5p1GY.wav,1.14
normalize_5s_intro_2F8Kr91wQ0U.wav,1.06
normalize_5s_intro_SQBuVfTX1ME.wav,1.26
normalize_5s_intro_gDevCxVY_wA.wav,1.42
normalize_5s_intro_tXvpe2GbUec.wav,1.34
normalize_5s_intro_lE_747E_Sdg.wav,1.36
normalize_5s_intro_aQ06TfyA1Ks.wav,1.64
normalize_5s_intro_0aC-jOKuBFE.wav,1.18
normalize_5s_intro_j3DigipQ_hQ.wav,1.08
normalize_5s_intro_7ZgPGMfUVek.wav,1.42
normalize_5s_intro_rWznOAwxM1g.wav,1.16
normalize_5s_intro_E-8pyVBvCPQ.wav,1.34
normalize_5s_intro_nFOLhtsyvMA.wav,0.9
normalize_5s_intro_2ySLmwsfP4Q.wav,1.04
normalize_5s_intro_RpJz01guPMY.wav,1.416
normalize_5s_intro_7QQzDQceGgU.wav,1.22
normalize_5s_intro_HMvXE4Zs6ZA.wav,1.56
normalize_5s_intro_XkC8Uzl9pCY.wav,1.2
normalize_5s_intro_SZaZU_qi6Xc.wav,1.08
normalize_5s_intro_42O51bcJyq0.wav,1.16
normalize_5s_intro_Yyvo9O8fN-A.wav,1.3
normalize_5s_intro_HwcCBnfhsR4.wav,1.08
normalize_5s_intro_RhBb77hG0iw.wav,1.2
normalize_5s_intro_zk04E79riMQ.wav,0.8
normalize_5s_intro_EfZ-dVDySzc.wav,1.1
normalize_5s_intro_JeGhUESd_1o.wav,1.48
normalize_5s_intro_Et-YdmSo_3A.wav,1.12
normalize_5s_intro_pssWSj42t8M.wav,1.1
normalize_5s_intro_vgZv7Uu4YrA.wav,1.38
normalize_5s_intro_hjZqVw3qI9E.wav,1.14
normalize_5s_intro_99f0oH45TVc.wav,1.12
normalize_5s_intro_Skt_NKI4d6U.wav,0.8
normalize_5s_intro_sPlXrbVLdO8.wav,2.04
normalize_5s_intro_1X0SdKtnwo8.wav,1.12
normalize_5s_intro_i0MrGb1hT2U.wav,1.48
normalize_5s_intro_d7to9URtLZ4.wav,1
normalize_5s_intro_u8BxVzRG9bE.wav,1.32
normalize_5s_intro_gv7BRXvZJbI.wav,1.5
normalize_5s_intro_KT-m6qTJyN0.wav,0.9
normalize_5s_intro_WrDJMxSKlCA.wav,1.38
normalize_5s_intro_72T4j04MS8o.wav,0.94
normalize_5s_intro_Zh3uBgwow8A.wav,1.12
normalize_5s_intro_CXm7hPs_als.wav,1.2
normalize_5s_intro_AoB8koE95C0.wav,1.52
normalize_5s_intro_zumMQrI_tMg.wav,0.86
normalize_5s_intro_6MSYrN4YfKY.wav,1.02
normalize_5s_intro_19Q9l85Feqw.wav,1.16
normalize_5s_intro_TeH7sCVCMJk.wav,1.3
normalize_5s_intro_hMWoOunsMFM.wav,1.94
normalize_5s_intro_SubIr_Fyp4M.wav,1.14
normalize_5s_intro_hjIhCG_nIPA.wav,1
normalize_5s_intro_gwsaElRJI2M.wav,1.1
normalize_5s_intro_q_4no3KCrY4.wav,1
normalize_5s_intro_EVSuxb6Ywcg.wav,1.02
normalize_5s_intro_lEHM9HZf0IA.wav,1.2
normalize_5s_intro_3ObVN3QQiZ8.wav,1.252
normalize_5s_intro_j1c70vRHdhQ.wav,0.94
normalize_5s_intro_Jg9NbDizoPM.wav,1.28
normalize_5s_intro_YOKq1VmEbtc.wav,1.4
normalize_5s_intro_7pcZIsJNlAs.wav,1.24
normalize_5s_intro_VAc0xuVa7jI.wav,1.26
normalize_5s_intro_yBzk2xXE9yg.wav,1.04
normalize_5s_intro_thc1MtNagC8.wav,1.02
normalize_5s_intro_ZIiQ1jMqhVM.wav,1.78
normalize_5s_intro_w1G3rqVil1s.wav,1.18
normalize_5s_intro_YEq-cvq_cK4.wav,1.18
normalize_5s_intro_AjGkbFqi67c.wav,1.48
normalize_5s_intro_Oq1n8fUxQZc.wav,0.98
normalize_5s_intro_Ws-QlpSltr8.wav,1.16
normalize_5s_intro_ey4Fc9DP5Rw.wav,1.06
normalize_5s_intro_bI7xde9-3BI.wav,1.22
normalize_5s_intro_h-nnAeByB1A.wav,1.64
normalize_5s_intro_zEWSSod0zTY.wav,1.28
normalize_5s_intro_Wo2qUD1g7xM.wav,1.66
normalize_5s_intro_cUKD9tEeBp0.wav,1.32
normalize_5s_intro_uo6VU4euIbY.wav,1.3
normalize_5s_intro_Ng2JdroNfC0.wav,1.2
normalize_5s_intro_d6BzCEkGd3I.wav,1.32
normalize_5s_intro_68b_HImZAig.wav,1.36
normalize_5s_intro_PCp2iXA1uLE.wav,1.12
normalize_5s_intro_Stet_4bnclk.wav,1.78
normalize_5s_intro_IpniN1Wq68Y.wav,1.08
normalize_5s_intro_IYnu4-69fTA.wav,1.16
normalize_5s_intro_F64yFFnZfkI.wav,1.12
normalize_5s_intro_csHiDQXIggE.wav,1.36
normalize_5s_intro_Xhh3_-JRnDc.wav,1.26
normalize_5s_intro_2JL_KcEzkqg.wav,1.6
normalize_5s_intro_KKc_RMln5UY.wav,1.14
normalize_5s_intro_ftjEcrrf7r0.wav,1.18
normalize_5s_intro_bd5m12UEHWI.wav,1.28
normalize_5s_intro_Qr8eZSVaw10.wav,1.02
normalize_5s_intro_ZvrysfBDzSs.wav,1.24
normalize_5s_intro_MY4YJxn-9Og.wav,1.38
normalize_5s_intro_ZBBS4imv1qo.wav,1.46
normalize_5s_intro_IISA6t-9zzc.wav,1.6
normalize_5s_intro_3gjfHYZ873o.wav,1.54
normalize_5s_intro_j9KKh215HTs.wav,0.94
normalize_5s_intro_1Ngn3fZIK2E.wav,1.44
normalize_5s_intro_BrrWNfjgHGs.wav,1.36
normalize_5s_intro_dvf--10EYXw.wav,1.44
normalize_5s_intro_WRSeV_27z6k.wav,0.9
normalize_5s_intro_co6WMzDOh1o.wav,1.36
normalize_5s_intro_PALMMqZLAQk.wav,1.88
normalize_5s_intro_PYM9NUU9Roc.wav,1.42
normalize_5s_intro_0uLI6BnVh6w.wav,1.36
normalize_5s_intro_ZpDQJnI4OhU.wav,1.42
normalize_5s_intro_C7u6rtswjCU.wav,1
normalize_5s_intro_ahpmuikko3U.wav,1
normalize_5s_intro_g20t_K9dlhU.wav,1.34
normalize_5s_intro_9DP0yMwvyWE.wav,1.1
normalize_5s_intro_-8cFfkyk7vA.wav,0.98
normalize_5s_intro_6TT_UgrRHq8.wav,1.26
normalize_5s_intro_0EVVKs6DQLo.wav,1.14
normalize_5s_intro_1juIFmPyG-Y.wav,1.244
normalize_5s_intro_eXvBjCO19QY.wav,1.14
normalize_5s_intro_mWfWyhzC22U.wav,1.14
normalize_5s_intro_gyegm85BPPA.wav,1.62
normalize_5s_intro_uo8qDCDZhK0.wav,1.24
normalize_5s_intro_aIyqRdrHodE.wav,1
normalize_5s_intro_v0UvOsCi8mc.wav,1.12
normalize_5s_intro_Mme9REVuidw.wav,1
normalize_5s_intro_hejXc_FSYb8.wav,1.1
normalize_5s_intro_NL2ZHPji3Z0.wav,0.96
normalize_5s_intro_GsPq9mzFNGY.wav,1.04
normalize_5s_intro_fE2h3lGlOsk.wav,1.1
normalize_5s_intro_lYxcW8jtFw0.wav,1.02
normalize_5s_intro_hn3wJ1_1Zsg.wav,1.22
normalize_5s_intro_zaCbuB3w0kg.wav,1.08
normalize_5s_intro_hV-FwW1LgxU.wav,1.34